{"is_source_file": true, "format": "Python", "description": "This file sets up a FastAPI application with CORS middleware and includes a health check endpoint.", "external_files": ["fastapi", "fastapi.middleware.cors"], "external_methods": ["FastAPI", "CORSMiddleware"], "published": ["app"], "classes": [], "methods": [{"name": "health_check()", "description": "A simple endpoint to verify the health status of the application.", "scope": "", "scopeKind": ""}], "calls": ["FastAPI()", "app.add_middleware", "CORSMiddleware", "app.get"], "search-terms": ["FastAPI", "CORS middleware", "health check endpoint", "main.py"], "state": 2, "file_id": 4, "knowledge_revision": 9, "git_revision": "d7a1bbb36a589420896932d22cdb23acdd462407", "ctags": [{"_type": "tag", "name": "app", "path": "/home/kavia/workspace/code-generation/gourmet-delivery-platform-200650-200660/food_delivery_backend/src/api/main.py", "pattern": "/^app = FastAPI()$/", "language": "Python", "kind": "variable"}, {"_type": "tag", "name": "health_check", "path": "/home/kavia/workspace/code-generation/gourmet-delivery-platform-200650-200660/food_delivery_backend/src/api/main.py", "pattern": "/^def health_check():$/", "language": "Python", "kind": "function", "signature": "()"}], "hash": "58352bf5f133908bab16643199aa483d", "format-version": 4, "code-base-name": "food_delivery_backend", "filename": "food_delivery_backend/src/api/main.py", "fields": [{"name": "app = FastAPI()", "scope": "", "scopeKind": "", "description": "unavailable"}], "revision_history": [{"9": "d7a1bbb36a589420896932d22cdb23acdd462407"}]}