{"is_source_file": true, "file_id": 3, "git_revision": "d7a1bbb36a589420896932d22cdb23acdd462407", "state": 2, "description": "", "external_files": [], "external_methods": [], "published": [], "classes": [], "methods": [], "calls": [], "search-terms": [], "ctags": [], "hash": null, "format-version": 4, "code-base-name": "food_delivery_backend", "filename": "food_delivery_backend/src/api/__init__.py", "knowledge_revision": 7, "revision_history": [{"7": "d7a1bbb36a589420896932d22cdb23acdd462407"}]}