{"is_source_file": false, "format": "", "description": "", "external_files": [], "external_methods": [], "published": [], "classes": [], "methods": [], "calls": [], "search-terms": [], "state": 2, "file_id": 1, "knowledge_revision": 6, "git_revision": "7144bada02db9e8e0ca99754e2646ff72fa8d058", "hash": "03b28d413b1998093bda7c6da87d1caa", "format-version": 4, "code-base-name": "food_delivery_backend", "filename": "README.md", "revision_history": [{"6": "7144bada02db9e8e0ca99754e2646ff72fa8d058"}]}